Feature,Coefficient
Recency,0.014524233048727422
Frequency,-3.3403975574271274
Monetary,7.41190533037738e-06
